layer,head,sq_diff
0,0,3.55139491148293e-08
0,1,4.212324711261317e-09
0,2,1.4272245607571676e-09
0,3,5.004039849154651e-08
0,4,2.9111106414347887e-08
0,5,4.318962965044193e-09
0,6,2.8452632250264287e-08
0,7,7.836661097826436e-09
0,8,1.281841832678765e-08
0,9,2.4966539058368653e-08
0,10,1.0606527212075889e-08
0,11,1.620355760678649e-08
0,12,6.474510882981122e-08
0,13,9.210907592205331e-10
0,14,1.0452936294313986e-09
0,15,7.518337952205911e-09
0,16,1.0808889783220366e-08
0,17,7.360995368799195e-09
0,18,5.044421413913369e-08
0,19,5.055335350334644e-08
0,20,9.379164112033322e-09
0,21,3.1860736271482892e-09
0,22,1.0346411727368832e-08
0,23,1.4621946320403367e-08
0,24,5.1034021453233436e-09
0,25,8.483766578137875e-09
0,26,2.4281689547933638e-08
0,27,5.2923496696166694e-09
0,28,9.860741556622088e-09
0,29,8.731603884370998e-09
0,30,2.1507730707526207e-08
0,31,5.599758878815919e-09
1,0,3.6391429603099823e-07
1,1,1.432490535080433e-07
1,2,6.89688022248447e-08
1,3,1.4323450159281492e-07
1,4,2.4726614356040955e-07
1,5,2.367887645959854e-07
1,6,7.776543498039246e-07
1,7,4.963367246091366e-07
1,8,4.789762897416949e-08
1,9,2.917222445830703e-07
1,10,3.573368303477764e-07
1,11,1.2276723282411695e-07
1,12,1.6701960703358054e-08
1,13,2.589658834040165e-07
1,14,1.096515916287899e-06
1,15,5.395850166678429e-07
1,16,7.54545908421278e-07
1,17,1.9375875126570463e-07
1,18,5.800829967483878e-07
1,19,4.173489287495613e-07
1,20,8.50777723826468e-08
1,21,1.755106495693326e-07
1,22,1.8713762983679771e-07
1,23,2.205051714554429e-07
1,24,3.090826794505119e-08
1,25,8.362112566828728e-07
1,26,1.5223486116155982e-07
1,27,6.517802830785513e-07
1,28,4.854809958487749e-07
1,29,6.300397217273712e-07
1,30,2.2101448848843575e-07
1,31,3.6142409953754395e-08
2,0,0.028857409954071045
2,1,-0.014204025268554688
2,2,-0.010175824165344238
2,3,-0.048432350158691406
2,4,0.06681346893310547
2,5,0.0005194544792175293
2,6,-0.009541749954223633
2,7,-0.04583549499511719
2,8,-0.008214712142944336
2,9,-0.007765769958496094
2,10,0.055407047271728516
2,11,0.048075199127197266
2,12,-0.009638667106628418
2,13,0.0009024739265441895
2,14,0.19549131393432617
2,15,0.3287506103515625
2,16,0.07615351676940918
2,17,-0.09081065654754639
2,18,0.00040784478187561035
2,19,0.08129429817199707
2,20,0.06552934646606445
2,21,0.09336471557617188
2,22,0.2485346794128418
2,23,0.10207700729370117
2,24,0.09066307544708252
2,25,0.27959442138671875
2,26,-0.0047852396965026855
2,27,0.4016838073730469
2,28,0.0876307487487793
2,29,0.01636981964111328
2,30,0.0033755600452423096
2,31,0.030898451805114746
3,0,0.0843961238861084
3,1,0.16028833389282227
3,2,0.22213196754455566
3,3,0.2584514617919922
3,4,0.45684337615966797
3,5,0.061142921447753906
3,6,0.21703529357910156
3,7,-0.006249547004699707
3,8,0.27429676055908203
3,9,0.5422859191894531
3,10,0.11538267135620117
3,11,0.18830585479736328
3,12,-0.05389404296875
3,13,0.33399391174316406
3,14,0.23070240020751953
3,15,-0.06439018249511719
3,16,0.22847747802734375
3,17,-0.3670997619628906
3,18,0.28769731521606445
3,19,0.05780172348022461
3,20,0.10084962844848633
3,21,0.2517585754394531
3,22,-0.008198738098144531
3,23,0.06637334823608398
3,24,0.10036134719848633
3,25,1.0732994079589844
3,26,-0.04627335071563721
3,27,0.45516204833984375
3,28,-0.5212364196777344
3,29,0.5142803192138672
3,30,0.22093772888183594
3,31,-0.07197165489196777
4,0,0.08916568756103516
4,1,2.5457763671875
4,2,0.22534942626953125
4,3,0.17110347747802734
4,4,0.15020465850830078
4,5,5.924774169921875
4,6,0.5493755340576172
4,7,0.01963639259338379
4,8,-0.023824691772460938
4,9,0.7522735595703125
4,10,0.061092376708984375
4,11,-0.1735515594482422
4,12,0.5039424896240234
4,13,0.4839630126953125
4,14,0.23870849609375
4,15,0.6050605773925781
4,16,1.7602767944335938
4,17,-0.02820587158203125
4,18,0.5574398040771484
4,19,-0.3350868225097656
4,20,-0.5320396423339844
4,21,1.9423141479492188
4,22,0.20651626586914062
4,23,0.8752403259277344
4,24,0.8160667419433594
4,25,0.8331394195556641
4,26,0.3211250305175781
4,27,0.23084068298339844
4,28,0.2215595245361328
4,29,1.3416213989257812
4,30,0.15810775756835938
4,31,0.4633064270019531
5,0,0.2897682189941406
5,1,0.23177623748779297
5,2,0.3509178161621094
5,3,0.17064857482910156
5,4,0.49798583984375
5,5,0.10227584838867188
5,6,-0.4216728210449219
5,7,-0.2207050323486328
5,8,-0.3753185272216797
5,9,0.3093299865722656
5,10,0.09215831756591797
5,11,-0.052154541015625
5,12,0.8202590942382812
5,13,0.1543126106262207
5,14,0.6302223205566406
5,15,-0.34163475036621094
5,16,0.2561655044555664
5,17,0.6281719207763672
5,18,0.10414505004882812
5,19,0.6028022766113281
5,20,0.830780029296875
5,21,0.03966784477233887
5,22,0.3635406494140625
5,23,-0.1946563720703125
5,24,0.6426811218261719
5,25,1.5084342956542969
5,26,0.2675151824951172
5,27,-0.40027427673339844
5,28,-0.058521270751953125
5,29,0.29169464111328125
5,30,-0.3504638671875
5,31,-0.03130340576171875
6,0,0.17769527435302734
6,1,3.21466064453125
6,2,0.17957687377929688
6,3,0.9541301727294922
6,4,1.402435302734375
6,5,-0.037906646728515625
6,6,0.9771804809570312
6,7,0.015188217163085938
6,8,2.167266845703125
6,9,0.24251747131347656
6,10,-0.5199546813964844
6,11,0.4544076919555664
6,12,0.28983116149902344
6,13,-0.9048385620117188
6,14,0.19673538208007812
6,15,0.48314476013183594
6,16,0.42549705505371094
6,17,-1.1136207580566406
6,18,1.351470947265625
6,19,0.6017532348632812
6,20,4.376136779785156
6,21,0.25325775146484375
6,22,0.5887069702148438
6,23,0.40072059631347656
6,24,0.3306694030761719
6,25,0.013824462890625
6,26,0.4618339538574219
6,27,0.18558311462402344
6,28,0.6858673095703125
6,29,-0.06605148315429688
6,30,1.1918354034423828
6,31,-0.3894195556640625
7,0,-1.5628585815429688
7,1,0.2878570556640625
7,2,0.682037353515625
7,3,0.9117050170898438
7,4,0.49490928649902344
7,5,-0.31616973876953125
7,6,0.3903617858886719
7,7,-0.106781005859375
7,8,-0.05426025390625
7,9,0.6045770645141602
7,10,2.5027923583984375
7,11,0.5224189758300781
7,12,0.24917030334472656
7,13,0.26795196533203125
7,14,2.1683273315429688
7,15,0.6595535278320312
7,16,0.9288215637207031
7,17,1.1101531982421875
7,18,0.8880882263183594
7,19,-0.8051185607910156
7,20,0.25006103515625
7,21,1.1103057861328125
7,22,0.0652008056640625
7,23,1.1135482788085938
7,24,0.17873573303222656
7,25,0.8700637817382812
7,26,-0.8505210876464844
7,27,0.082763671875
7,28,0.7195091247558594
7,29,1.4755973815917969
7,30,0.293670654296875
7,31,-0.6625442504882812
8,0,-0.1776123046875
8,1,-0.54681396484375
8,2,-0.643768310546875
8,3,-1.1933670043945312
8,4,2.88043212890625
8,5,-2.121246337890625
8,6,1.7379188537597656
8,7,-0.14127731323242188
8,8,-0.5103340148925781
8,9,-0.11236190795898438
8,10,0.5295219421386719
8,11,0.06488990783691406
8,12,-1.4333038330078125
8,13,1.8541259765625
8,14,1.67999267578125
8,15,0.3765449523925781
8,16,-0.9693603515625
8,17,0.5483016967773438
8,18,0.609466552734375
8,19,2.4766998291015625
8,20,1.2253761291503906
8,21,0.3217792510986328
8,22,0.5675697326660156
8,23,-0.8068046569824219
8,24,2.3520965576171875
8,25,-1.0365524291992188
8,26,2.1494827270507812
8,27,-0.5122871398925781
8,28,0.8661651611328125
8,29,0.9711647033691406
8,30,-1.1860733032226562
8,31,-1.5626068115234375
9,0,-1.5857772827148438
9,1,-0.7978134155273438
9,2,0.47658538818359375
9,3,-0.23267364501953125
9,4,1.0028610229492188
9,5,0.35259246826171875
9,6,0.3637237548828125
9,7,0.7734375
9,8,-2.1757965087890625
9,9,-0.22243499755859375
9,10,1.826904296875
9,11,0.64520263671875
9,12,0.4206390380859375
9,13,0.8923110961914062
9,14,1.733917236328125
9,15,0.5930938720703125
9,16,0.16473007202148438
9,17,-0.8759765625
9,18,0.29190826416015625
9,19,0.6453056335449219
9,20,1.8951492309570312
9,21,1.7290496826171875
9,22,1.6320037841796875
9,23,-1.006378173828125
9,24,0.4828071594238281
9,25,-0.5111846923828125
9,26,2.4474868774414062
9,27,0.4477272033691406
9,28,1.8073387145996094
9,29,4.513671875
9,30,11.416778564453125
9,31,3.9860610961914062
10,0,2.884002685546875
10,1,0.13545799255371094
10,2,-0.3975067138671875
10,3,3.7483673095703125
10,4,1.8614654541015625
10,5,-1.0858001708984375
10,6,-1.6840972900390625
10,7,1.4474334716796875
10,8,0.8510360717773438
10,9,-1.8793106079101562
10,10,2.7757720947265625
10,11,3.9649734497070312
10,12,1.1114578247070312
10,13,0.1509857177734375
10,14,0.395751953125
10,15,2.564422607421875
10,16,-3.35113525390625
10,17,-1.3792343139648438
10,18,1.3036651611328125
10,19,0.2503662109375
10,20,-0.03482818603515625
10,21,-1.906494140625
10,22,2.9280319213867188
10,23,3.178985595703125
10,24,-0.027374267578125
10,25,-0.5263442993164062
10,26,-0.0830230712890625
10,27,-0.1077880859375
10,28,-1.6449966430664062
10,29,-0.909149169921875
10,30,-2.071319580078125
10,31,0.125732421875
11,0,2.6668701171875
11,1,-2.80047607421875
11,2,1.28839111328125
11,3,0.9882736206054688
11,4,1.0454177856445312
11,5,3.054168701171875
11,6,-0.4071083068847656
11,7,2.0221481323242188
11,8,-0.7657623291015625
11,9,1.6895217895507812
11,10,0.2881011962890625
11,11,5.0210418701171875
11,12,0.7836151123046875
11,13,0.19818115234375
11,14,5.37933349609375
11,15,16.08905029296875
11,16,4.701995849609375
11,17,0.992828369140625
11,18,1.412872314453125
11,19,-1.5090866088867188
11,20,0.6670913696289062
11,21,0.9100418090820312
11,22,-0.1257476806640625
11,23,5.070281982421875
11,24,1.012298583984375
11,25,-1.1862030029296875
11,26,-0.01877593994140625
11,27,0.9729385375976562
11,28,0.6375732421875
11,29,-0.27679443359375
11,30,4.9532012939453125
11,31,1.1310272216796875
12,0,1.9597854614257812
12,1,1.4916305541992188
12,2,7.2003173828125
12,3,0.44034576416015625
12,4,1.228668212890625
12,5,-0.5169448852539062
12,6,0.28533935546875
12,7,2.440338134765625
12,8,0.4916839599609375
12,9,-3.2283477783203125
12,10,0.789337158203125
12,11,-0.1577911376953125
12,12,5.03912353515625
12,13,1.45806884765625
12,14,5.514434814453125
12,15,6.878173828125
12,16,5.865509033203125
12,17,-2.57177734375
12,18,-1.2212982177734375
12,19,-0.23764801025390625
12,20,-0.36521148681640625
12,21,2.102142333984375
12,22,1.3580551147460938
12,23,-1.48126220703125
12,24,-1.2613525390625
12,25,-1.922271728515625
12,26,4.7308807373046875
12,27,0.56304931640625
12,28,7.1323089599609375
12,29,-1.978179931640625
12,30,-0.31984710693359375
12,31,1.145965576171875
13,0,2.72979736328125
13,1,0.9070281982421875
13,2,8.909515380859375
13,3,4.181427001953125
13,4,1.3770904541015625
13,5,2.452728271484375
13,6,0.537841796875
13,7,-0.449981689453125
13,8,3.3040313720703125
13,9,3.4346542358398438
13,10,0.6543426513671875
13,11,-3.845428466796875
13,12,6.151458740234375
13,13,-0.4084014892578125
13,14,-0.1941070556640625
13,15,0.774200439453125
13,16,-1.6017990112304688
13,17,9.5592041015625
13,18,2.996246337890625
13,19,2.340545654296875
13,20,3.09173583984375
13,21,4.217376708984375
13,22,1.175689697265625
13,23,-2.7060699462890625
13,24,-0.5064239501953125
13,25,0.4946136474609375
13,26,0.22918701171875
13,27,0.9337234497070312
13,28,-0.8248291015625
13,29,0.508056640625
13,30,0.5255279541015625
13,31,0.73663330078125
14,0,-0.38732147216796875
14,1,9.3968505859375
14,2,7.815338134765625
14,3,-6.394073486328125
14,4,-2.135345458984375
14,5,1.1123809814453125
14,6,4.91705322265625
14,7,4.4398193359375
14,8,3.33111572265625
14,9,0.843597412109375
14,10,0.98388671875
14,11,-1.0818328857421875
14,12,-5.015289306640625
14,13,8.10943603515625
14,14,-0.1372528076171875
14,15,3.160430908203125
14,16,14.8973388671875
14,17,1.6401214599609375
14,18,-3.3616943359375
14,19,-2.573944091796875
14,20,2.6789398193359375
14,21,-4.0305328369140625
14,22,6.661712646484375
14,23,-0.22301483154296875
14,24,10.64544677734375
14,25,2.0648956298828125
14,26,0.216827392578125
14,27,-2.34136962890625
14,28,-1.6878204345703125
14,29,7.159576416015625
14,30,-1.4019775390625
14,31,1.077362060546875
15,0,8.980987548828125
15,1,0.3850250244140625
15,2,-0.156585693359375
15,3,2.811431884765625
15,4,6.67950439453125
15,5,13.741119384765625
15,6,4.351287841796875
15,7,2.524658203125
15,8,3.629425048828125
15,9,1.3606414794921875
15,10,3.9648361206054688
15,11,3.8984527587890625
15,12,0.917327880859375
15,13,-0.062957763671875
15,14,6.130767822265625
15,15,2.58990478515625
15,16,6.50830078125
15,17,0.076263427734375
15,18,1.8629150390625
15,19,7.87506103515625
15,20,3.5120849609375
15,21,1.101409912109375
15,22,1.304443359375
15,23,5.5367431640625
15,24,10.782958984375
15,25,-0.524139404296875
15,26,2.5153961181640625
15,27,3.253448486328125
15,28,1.77734375
15,29,1.4107666015625
15,30,6.986419677734375
15,31,11.035858154296875
16,0,7.4755859375
16,1,0.255859375
16,2,-3.77825927734375
16,3,6.408111572265625
16,4,17.41741943359375
16,5,11.245361328125
16,6,11.88427734375
16,7,4.164947509765625
16,8,-2.910400390625
16,9,11.5306396484375
16,10,5.62957763671875
16,11,8.470458984375
16,12,2.82861328125
16,13,10.55889892578125
16,14,1.218017578125
16,15,-1.208953857421875
16,16,0.783416748046875
16,17,-10.920166015625
16,18,4.41619873046875
16,19,6.5753173828125
16,20,5.024383544921875
16,21,6.1066436767578125
16,22,3.675506591796875
16,23,6.4825439453125
16,24,-7.92108154296875
16,25,18.28759765625
16,26,12.1181640625
16,27,19.6898193359375
16,28,15.890869140625
16,29,0.622161865234375
16,30,-9.8487548828125
16,31,9.148193359375
17,0,-3.5113525390625
17,1,-5.59100341796875
17,2,3.4703369140625
17,3,4.759674072265625
17,4,0.613800048828125
17,5,4.450531005859375
17,6,8.84613037109375
17,7,5.31787109375
17,8,4.3603515625
17,9,2.31982421875
17,10,13.51275634765625
17,11,8.8978271484375
17,12,22.693603515625
17,13,-7.100830078125
17,14,2.375579833984375
17,15,13.16717529296875
17,16,14.5836181640625
17,17,-1.5899658203125
17,18,-9.019287109375
17,19,1.60235595703125
17,20,1.58160400390625
17,21,11.83978271484375
17,22,-1.1083984375
17,23,19.16033935546875
17,24,10.404205322265625
17,25,9.7550048828125
17,26,3.577880859375
17,27,11.061279296875
17,28,5.794586181640625
17,29,6.55828857421875
17,30,10.6917724609375
17,31,-3.0980224609375
18,0,3.43316650390625
18,1,16.207763671875
18,2,3.27081298828125
18,3,0.68408203125
18,4,4.0064697265625
18,5,-0.12841796875
18,6,8.7879638671875
18,7,-0.47003173828125
18,8,12.6925048828125
18,9,10.291259765625
18,10,1.6644287109375
18,11,18.157958984375
18,12,-3.49688720703125
18,13,4.72442626953125
18,14,6.8507080078125
18,15,8.146240234375
18,16,0.7840576171875
18,17,9.7095947265625
18,18,24.093505859375
18,19,11.7508544921875
18,20,4.4365234375
18,21,5.8839111328125
18,22,-0.661376953125
18,23,5.8721923828125
18,24,7.837890625
18,25,10.2176513671875
18,26,-7.32806396484375
18,27,1.41876220703125
18,28,-3.61029052734375
18,29,1.4554443359375
18,30,-2.8282470703125
18,31,20.355224609375
19,0,5.392578125
19,1,7.42376708984375
19,2,24.28533935546875
19,3,-4.31689453125
19,4,17.26318359375
19,5,6.4674072265625
19,6,10.405029296875
19,7,31.547607421875
19,8,-1.1614990234375
19,9,27.681396484375
19,10,18.5819091796875
19,11,1.360595703125
19,12,12.5809326171875
19,13,6.49066162109375
19,14,19.394775390625
19,15,12.5201416015625
19,16,25.5474853515625
19,17,-1.71435546875
19,18,0.9422607421875
19,19,2.89501953125
19,20,5.36669921875
19,21,0.0400390625
19,22,-7.7080078125
19,23,21.3538818359375
19,24,-1.7615966796875
19,25,33.3714599609375
19,26,8.0635986328125
19,27,2.7864990234375
19,28,25.282470703125
19,29,9.5013427734375
19,30,6.13818359375
19,31,-7.6722412109375
20,0,46.13134765625
20,1,45.4951171875
20,2,29.992431640625
20,3,37.5087890625
20,4,19.4334716796875
20,5,-4.88525390625
20,6,4.357666015625
20,7,49.39453125
20,8,18.59130859375
20,9,2.6343994140625
20,10,3.028564453125
20,11,-2.85888671875
20,12,14.4271240234375
20,13,10.46533203125
20,14,9.13037109375
20,15,42.1513671875
20,16,31.680908203125
20,17,45.227294921875
20,18,2.2664794921875
20,19,15.3485107421875
20,20,8.7642822265625
20,21,22.4486083984375
20,22,16.6732177734375
20,23,24.7198486328125
20,24,4.5989990234375
20,25,13.535888671875
20,26,30.901611328125
20,27,13.925048828125
20,28,-0.4189453125
20,29,22.89013671875
20,30,23.988037109375
20,31,38.4039306640625
21,0,1.959716796875
21,1,87.806640625
21,2,-42.1318359375
21,3,5.334716796875
21,4,-12.332275390625
21,5,56.7333984375
21,6,61.72607421875
21,7,27.84130859375
21,8,9.455810546875
21,9,58.489013671875
21,10,27.83056640625
21,11,21.837646484375
21,12,18.7041015625
21,13,-15.4130859375
21,14,-17.71484375
21,15,8.738525390625
21,16,26.12548828125
21,17,5.4462890625
21,18,52.85693359375
21,19,17.837890625
21,20,32.738525390625
21,21,-2.388916015625
21,22,34.025634765625
21,23,38.031005859375
21,24,32.95361328125
21,25,15.1064453125
21,26,-60.82763671875
21,27,-36.232421875
21,28,-0.6728515625
21,29,12.97119140625
21,30,19.14501953125
21,31,6.69873046875
22,0,-15.28076171875
22,1,-43.09814453125
22,2,5.950439453125
22,3,61.87060546875
22,4,-10.3353271484375
22,5,8.666259765625
22,6,100.5439453125
22,7,-41.090087890625
22,8,16.404052734375
22,9,38.34912109375
22,10,21.962646484375
22,11,10.93359375
22,12,15.01318359375
22,13,22.3701171875
22,14,34.97607421875
22,15,10.7080078125
22,16,29.847900390625
22,17,7.18603515625
22,18,62.89990234375
22,19,-43.10107421875
22,20,53.0205078125
22,21,21.82470703125
22,22,-1.53466796875
22,23,24.850830078125
22,24,46.95654296875
22,25,-2.1083984375
22,26,19.50146484375
22,27,19.55322265625
22,28,41.7412109375
22,29,63.8583984375
22,30,75.25146484375
22,31,-27.95849609375
23,0,-7.607421875
23,1,53.366455078125
23,2,-56.94873046875
23,3,6.96923828125
23,4,12.7760009765625
23,5,2.69287109375
23,6,136.71484375
23,7,6.0703125
23,8,9.619140625
23,9,92.9580078125
23,10,16.417236328125
23,11,64.80224609375
23,12,33.96142578125
23,13,13.31201171875
23,14,96.1337890625
23,15,8.9375
23,16,41.35205078125
23,17,7.70458984375
23,18,12.155517578125
23,19,-15.2822265625
23,20,24.14111328125
23,21,25.1923828125
23,22,38.2900390625
23,23,56.7490234375
23,24,129.8447265625
23,25,8.35546875
23,26,80.03955078125
23,27,77.68798828125
23,28,20.36083984375
23,29,96.583984375
23,30,-35.1552734375
23,31,-37.20068359375
24,0,-23.78125
24,1,0.65234375
24,2,11.62890625
24,3,118.84765625
24,4,44.046875
24,5,10.81640625
24,6,52.38623046875
24,7,-13.50634765625
24,8,-61.0732421875
24,9,73.029296875
24,10,-18.87255859375
24,11,-16.4296875
24,12,42.03125
24,13,-60.91845703125
24,14,56.3857421875
24,15,-9.4677734375
24,16,21.7314453125
24,17,37.3994140625
24,18,41.996337890625
24,19,36.869140625
24,20,29.064453125
24,21,110.052734375
24,22,-25.4931640625
24,23,60.38037109375
24,24,15.27587890625
24,25,126.6201171875
24,26,76.60546875
24,27,14.751953125
24,28,82.0263671875
24,29,82.9609375
24,30,-36.03515625
24,31,-7.0849609375
25,0,102.0693359375
25,1,131.86328125
25,2,11.3798828125
25,3,33.736328125
25,4,43.62890625
25,5,16.998046875
25,6,-30.6943359375
25,7,120.490234375
25,8,71.416015625
25,9,-44.552734375
25,10,103.9296875
25,11,123.97265625
25,12,1.1875
25,13,83.431640625
25,14,54.896484375
25,15,11.5
25,16,24.970703125
25,17,8.943359375
25,18,4.3544921875
25,19,156.9091796875
25,20,154.123046875
25,21,-59.7529296875
25,22,76.5859375
25,23,20.8916015625
25,24,-15.09765625
25,25,-58.755859375
25,26,-18.1103515625
25,27,63.806640625
25,28,63.5048828125
25,29,60.470703125
25,30,179.4482421875
25,31,-2.802734375
26,0,101.564453125
26,1,77.666015625
26,2,-26.1591796875
26,3,130.1171875
26,4,24.349853515625
26,5,188.451171875
26,6,-5.9306640625
26,7,205.7314453125
26,8,220.5498046875
26,9,54.8291015625
26,10,5.810546875
26,11,94.177734375
26,12,-41.9296875
26,13,77.7744140625
26,14,-3.39013671875
26,15,0.41845703125
26,16,163.26171875
26,17,59.978515625
26,18,74.51953125
26,19,56.24267578125
26,20,182.0419921875
26,21,29.9404296875
26,22,13.34326171875
26,23,26.564453125
26,24,80.62890625
26,25,77.7587890625
26,26,150.9443359375
26,27,-19.2333984375
26,28,45.2177734375
26,29,54.30078125
26,30,19.0986328125
26,31,66.109375
27,0,99.630859375
27,1,289.40625
27,2,47.3896484375
27,3,290.353515625
27,4,93.712890625
27,5,114.416015625
27,6,-17.599609375
27,7,3.81640625
27,8,197.376953125
27,9,63.8486328125
27,10,5.67578125
27,11,192.58203125
27,12,20.58203125
27,13,119.458984375
27,14,-38.6171875
27,15,43.2744140625
27,16,35.583984375
27,17,-2.39111328125
27,18,231.435546875
27,19,160.6953125
27,20,80.13671875
27,21,118.65625
27,22,5.9375
27,23,181.140625
27,24,-35.3125
27,25,286.56640625
27,26,151.59375
27,27,253.50390625
27,28,111.31640625
27,29,69.4013671875
27,30,190.822265625
27,31,126.2109375
28,0,31.79296875
28,1,340.71484375
28,2,159.62890625
28,3,191.412109375
28,4,354.63671875
28,5,113.72265625
28,6,138.748046875
28,7,23.1875
28,8,433.72265625
28,9,-6.2578125
28,10,97.4951171875
28,11,107.240234375
28,12,41.1484375
28,13,41.08984375
28,14,67.349609375
28,15,-143.9609375
28,16,60.3984375
28,17,87.75
28,18,144.890625
28,19,220.015625
28,20,57.63671875
28,21,57.080078125
28,22,286.70703125
28,23,-6.72412109375
28,24,287.0625
28,25,-45.14013671875
28,26,-54.19921875
28,27,-52.4765625
28,28,150.62109375
28,29,222.42578125
28,30,38.1640625
28,31,189.23046875
29,0,-102.1875
29,1,383.609375
29,2,49.513671875
29,3,387.90234375
29,4,-13.970703125
29,5,-35.392578125
29,6,225.796875
29,7,302.453125
29,8,358.25390625
29,9,-15.72265625
29,10,-84.8583984375
29,11,510.234375
29,12,233.41796875
29,13,26.640625
29,14,-87.78515625
29,15,-52.31640625
29,16,342.85546875
29,17,-28.140625
29,18,88.580078125
29,19,174.376953125
29,20,233.796875
29,21,-32.859375
29,22,430.13671875
29,23,35.111328125
29,24,150.603515625
29,25,304.39453125
29,26,228.234375
29,27,437.9140625
29,28,213.01953125
29,29,312.685546875
29,30,391.494140625
29,31,121.6796875
30,0,79.515625
30,1,214.80859375
30,2,45.576171875
30,3,347.51171875
30,4,216.82421875
30,5,350.2109375
30,6,371.421875
30,7,114.01171875
30,8,477.140625
30,9,131.76171875
30,10,179.84375
30,11,177.3203125
30,12,39.12109375
30,13,108.12890625
30,14,234.8828125
30,15,434.6015625
30,16,-73.24609375
30,17,-203.7265625
30,18,104.79296875
30,19,278.2734375
30,20,335.1796875
30,21,-31.6796875
30,22,475.046875
30,23,-83.37890625
30,24,429.30078125
30,25,529.03125
30,26,76.095703125
30,27,144.3203125
30,28,207.2265625
30,29,47.3125
30,30,504.234375
30,31,232.04296875
31,0,64.58056640625
31,1,359.1640625
31,2,114.4384765625
31,3,177.755859375
31,4,89.791015625
31,5,-64.8046875
31,6,248.654296875
31,7,71.31640625
31,8,213.2265625
31,9,634.125
31,10,549.85546875
31,11,111.98388671875
31,12,413.60546875
31,13,133.87109375
31,14,87.775390625
31,15,367.42578125
31,16,-16.0625
31,17,236.12109375
31,18,159.833984375
31,19,436.88671875
31,20,355.3359375
31,21,49.21484375
31,22,1965.75
31,23,325.63671875
31,24,52.96435546875
31,25,-41.140625
31,26,103.4140625
31,27,125.66015625
31,28,521.7421875
31,29,76.201171875
31,30,168.0546875
31,31,129.4384765625
